vehicle_id,trip_id,timestamp,time_ms,speed_kmh,engine_rpm,maf_gs,absolute_load_pct,stft_b1_pct,ltft_b1_pct,stft_b2_pct,ltft_b2_pct,hv_battery_voltage_v,hv_battery_current_a,hv_battery_soc_pct
392,412,2017-11-03 14:51:24.005,0,0.0,1274.0,6.78,14.902,,,,,,,
392,412,2017-11-03 14:51:25.105,1100,0.0,1274.0,6.59,14.902,,,,,,,
392,412,2017-11-03 14:51:26.105,2100,0.0,1287.0,6.59,14.902,,,,,,,
392,412,2017-11-03 14:51:30.305,6300,0.0,1285.0,6.7,14.902,,,,,,,
392,412,2017-11-03 14:51:32.405,8400,0.0,1307.0,6.7,14.902,,,,,,,
392,412,2017-11-03 14:51:34.405,10400,0.0,1308.0,6.7,14.902,,,,,,,
392,412,2017-11-03 14:51:35.505,11500,0.0,1308.0,6.62,14.51,,,,,,,
392,412,2017-11-03 14:51:36.505,12500,0.0,1307.0,6.62,14.51,,,,,,,
392,412,2017-11-03 14:51:38.605,14600,0.0,1280.0,6.62,14.51,,,,,,,
392,412,2017-11-03 14:51:40.705,16700,0.0,1300.0,6.67,14.51,,,,,,,
392,412,2017-11-03 14:51:42.805,18800,0.0,1304.0,6.67,14.51,,,,,,,
392,412,2017-11-03 14:51:44.905,20900,0.0,1280.0,6.67,14.51,,,,,,,
392,412,2017-11-03 14:51:45.905,21900,0.0,1280.0,6.59,14.51,,,,,,,
392,412,2017-11-03 14:51:46.905,22900,0.0,1304.0,6.59,14.51,,,,,,,
392,412,2017-11-03 14:51:51.105,27100,0.0,1280.0,6.59,14.118,,,,,,,
392,412,2017-11-03 14:51:53.205,29200,0.0,1301.0,6.59,14.118,,,,,,,
392,412,2017-11-03 14:51:54.105,30100,0.0,1301.0,6.59,14.118,,,,,,,
392,412,2017-11-03 14:51:55.005,31000,0.0,1301.0,6.59,14.118,,,,,,,
392,412,2017-11-03 14:51:55.205,31200,0.0,1302.0,6.59,14.118,,,,,,,
392,412,2017-11-03 14:51:56.105,32100,0.0,1302.0,6.53,14.51,,,,,,,
392,412,2017-11-03 14:51:57.205,33200,0.0,1280.0,6.53,14.51,,,,,,,
392,412,2017-11-03 14:52:01.205,37200,0.0,1299.0,6.53,14.51,,,,,,,
392,412,2017-11-03 14:52:03.205,39200,0.0,1300.0,6.53,14.51,,,,,,,
392,412,2017-11-03 14:52:05.305,41300,0.0,1293.0,6.53,14.51,,,,,,,
392,412,2017-11-03 14:52:06.305,42300,0.0,1293.0,6.45,14.51,,,,,,,
392,412,2017-11-03 14:52:07.405,43400,0.0,1271.0,6.45,14.51,,,,,,,
392,412,2017-11-03 14:52:09.505,45500,0.0,1280.0,6.45,14.51,,,,,,,
392,412,2017-11-03 14:52:11.505,47500,0.0,1269.0,6.4,14.51,,,,,,,
392,412,2017-11-03 14:52:13.605,49600,0.0,1271.0,6.4,14.51,,,,,,,
392,412,2017-11-03 14:52:15.705,51700,0.0,1267.0,6.4,14.51,,,,,,,
392,412,2017-11-03 14:52:16.705,52700,0.0,1267.0,6.46,12.941,,,,,,,
392,412,2017-11-03 14:52:16.905,52900,0.0,1267.0,6.46,12.941,,,,,,,
392,412,2017-11-03 14:52:17.805,53800,0.0,1187.0,6.46,12.941,,,,,,,
392,412,2017-11-03 14:52:17.905,53900,0.0,1431.0,6.46,12.941,,,,,,,
392,412,2017-11-03 14:52:18.005,54000,0.0,1431.0,26.18,12.941,,,,,,,
392,412,2017-11-03 14:52:18.105,54100,0.0,1431.0,26.18,51.373,,,,,,,
392,412,2017-11-03 14:52:18.705,54700,16.0,1431.0,26.18,51.373,,,,,,,
392,412,2017-11-03 14:52:19.905,55900,16.0,1683.0,26.18,51.373,,,,,,,
392,412,2017-11-03 14:52:20.005,56000,16.0,1683.0,31.37,51.373,,,,,,,
392,412,2017-11-03 14:52:20.705,56700,22.0,1683.0,31.37,51.373,,,,,,,
392,412,2017-11-03 14:52:21.805,57800,28.0,1683.0,31.37,51.373,,,,,,,
392,412,2017-11-03 14:52:21.905,57900,28.0,1312.0,31.37,51.373,,,,,,,
392,412,2017-11-03 14:52:22.005,58000,28.0,1312.0,20.95,51.373,,,,,,,
392,412,2017-11-03 14:52:22.805,58800,31.0,1312.0,20.95,51.373,,,,,,,
392,412,2017-11-03 14:52:23.105,59100,31.0,1312.0,20.95,35.294,,,,,,,
392,412,2017-11-03 14:52:23.805,59800,32.0,1312.0,20.95,35.294,,,,,,,
392,412,2017-11-03 14:52:23.905,59900,32.0,1257.0,20.95,35.294,,,,,,,
392,412,2017-11-03 14:52:24.005,60000,32.0,1257.0,19.5,35.294,,,,,,,
392,412,2017-11-03 14:52:24.905,60900,33.0,1257.0,19.5,35.294,,,,,,,
392,412,2017-11-03 14:52:25.905,61900,39.0,3008.0,19.5,35.294,,,,,,,
392,412,2017-11-03 14:52:26.005,62000,39.0,3008.0,68.82,35.294,,,,,,,
392,412,2017-11-03 14:52:27.005,63000,46.0,3008.0,68.82,35.294,,,,,,,
392,412,2017-11-03 14:52:28.105,64100,51.0,3043.0,67.06,35.294,,,,,,,
392,412,2017-11-03 14:52:28.205,64200,51.0,3043.0,67.06,65.882,,,,,,,
392,412,2017-11-03 14:52:29.205,65200,57.0,3043.0,67.06,65.882,,,,,,,
392,412,2017-11-03 14:52:30.205,66200,59.0,2368.0,49.54,65.882,,,,,,,
392,412,2017-11-03 14:52:31.205,67200,62.0,2368.0,49.54,65.882,,,,,,,
392,412,2017-11-03 14:52:32.305,68300,64.0,1921.0,39.29,65.882,,,,,,,
392,412,2017-11-03 14:52:33.005,69000,64.0,1921.0,39.29,65.882,,,,,,,
392,412,2017-11-03 14:52:33.305,69300,66.0,1921.0,39.29,59.216,,,,,,,
392,412,2017-11-03 14:52:34.405,70400,68.0,2313.0,48.15,59.216,,,,,,,
392,412,2017-11-03 14:52:35.405,71400,70.0,2313.0,48.15,59.216,,,,,,,
392,412,2017-11-03 14:52:36.405,72400,71.0,2313.0,48.15,59.216,,,,,,,
392,412,2017-11-03 14:52:36.505,72500,71.0,2144.0,45.34,59.216,,,,,,,
392,412,2017-11-03 14:52:37.505,73500,73.0,2144.0,45.34,59.216,,,,,,,
392,412,2017-11-03 14:52:38.005,74000,73.0,2144.0,45.34,59.216,,,,,,,
392,412,2017-11-03 14:52:38.505,74500,74.0,1887.0,38.06,58.431,,,,,,,
392,412,2017-11-03 14:52:40.605,76600,75.0,1728.0,33.46,58.431,,,,,,,
392,412,2017-11-03 14:52:41.605,77600,76.0,1728.0,33.46,58.431,,,,,,,
392,412,2017-11-03 14:52:42.705,78700,76.0,1719.0,32.39,58.431,,,,,,,
392,412,2017-11-03 14:52:42.905,78900,76.0,1719.0,32.39,58.431,,,,,,,
392,412,2017-11-03 14:52:43.705,79700,77.0,1719.0,32.39,44.706,,,,,,,
392,412,2017-11-03 14:52:44.805,80800,76.0,1110.0,10.98,44.706,,,,,,,
392,412,2017-11-03 14:52:46.805,82800,74.0,1110.0,10.98,44.706,,,,,,,
392,412,2017-11-03 14:52:46.905,82900,74.0,1114.0,5.32,44.706,,,,,,,
392,412,2017-11-03 14:52:47.905,83900,68.0,1114.0,5.32,44.706,,,,,,,
392,412,2017-11-03 14:52:48.905,84900,61.0,1041.0,5.29,14.51,,,,,,,
392,412,2017-11-03 14:52:50.005,86000,54.0,1041.0,5.29,14.51,,,,,,,
392,412,2017-11-03 14:52:51.005,87000,43.0,1003.0,5.28,14.51,,,,,,,
392,412,2017-11-03 14:52:52.005,88000,37.0,1003.0,5.28,14.51,,,,,,,
392,412,2017-11-03 14:52:53.105,89100,30.0,1011.0,5.17,14.51,,,,,,,
392,412,2017-11-03 14:52:54.005,90000,30.0,1011.0,5.17,14.51,,,,,,,
392,412,2017-11-03 14:52:54.105,90100,23.0,1011.0,5.17,14.51,,,,,,,
392,412,2017-11-03 14:52:55.905,91900,13.0,1017.0,5.2,14.51,,,,,,,
392,412,2017-11-03 14:52:56.905,92900,6.0,1017.0,5.2,14.51,,,,,,,
392,412,2017-11-03 14:52:57.905,93900,6.0,1097.0,5.15,14.51,,,,,,,
392,412,2017-11-03 14:52:58.005,94000,3.0,1097.0,5.15,14.51,,,,,,,
392,412,2017-11-03 14:52:59.005,95000,3.0,1097.0,5.15,14.51,,,,,,,
392,412,2017-11-03 14:52:59.105,95100,3.0,1097.0,5.15,13.333,,,,,,,
392,412,2017-11-03 14:52:59.905,95900,3.0,1087.0,5.04,13.333,,,,,,,
392,412,2017-11-03 14:53:00.105,96100,3.0,276.0,5.04,13.333,,,,,,,
392,412,2017-11-03 14:53:00.205,96200,3.0,276.0,1.26,13.333,,,,,,,
392,412,2017-11-03 14:53:00.405,96400,3.0,276.0,1.26,40.0,,,,,,,
392,412,2017-11-03 14:53:01.005,97000,0.0,276.0,1.26,40.0,,,,,,,
392,412,2017-11-03 14:53:02.105,98100,0.0,0.0,1.26,40.0,,,,,,,
392,412,2017-11-03 14:53:05.305,101300,0.0,0.0,0.45,40.0,,,,,,,
392,412,2017-11-03 14:53:05.405,101400,0.0,0.0,0.45,0.0,,,,,,,
392,412,2017-11-03 14:53:07.905,103900,0.0,0.0,0.45,0.0,,,,,,,
392,412,2017-11-03 14:53:08.405,104400,0.0,1201.0,0.45,0.0,,,,,,,
392,412,2017-11-03 14:53:08.505,104500,0.0,1201.0,12.59,0.0,,,,,,,
392,412,2017-11-03 14:53:08.605,104600,0.0,1201.0,12.59,33.725,,,,,,,
392,412,2017-11-03 14:53:09.105,105100,9.0,1201.0,12.59,33.725,,,,,,,
392,412,2017-11-03 14:53:10.405,106400,9.0,1376.0,12.59,33.725,,,,,,,
392,412,2017-11-03 14:53:10.505,106500,9.0,1376.0,25.7,33.725,,,,,,,
392,412,2017-11-03 14:53:11.205,107200,21.0,1376.0,25.7,33.725,,,,,,,
392,412,2017-11-03 14:53:12.205,108200,28.0,1376.0,25.7,33.725,,,,,,,
392,412,2017-11-03 14:53:12.405,108400,28.0,1914.0,25.7,33.725,,,,,,,
392,412,2017-11-03 14:53:12.505,108500,28.0,1914.0,38.64,33.725,,,,,,,
392,412,2017-11-03 14:53:13.005,109000,28.0,1914.0,38.64,33.725,,,,,,,
392,412,2017-11-03 14:53:13.305,109300,34.0,1914.0,38.64,33.725,,,,,,,
392,412,2017-11-03 14:53:13.605,109600,34.0,1914.0,38.64,58.431,,,,,,,
392,412,2017-11-03 14:53:14.305,110300,40.0,1914.0,38.64,58.431,,,,,,,
392,412,2017-11-03 14:53:14.405,110400,40.0,2053.0,38.64,58.431,,,,,,,
392,412,2017-11-03 14:53:14.505,110500,40.0,2053.0,42.07,58.431,,,,,,,
392,412,2017-11-03 14:53:15.405,111400,45.0,2053.0,42.07,58.431,,,,,,,
392,412,2017-11-03 14:53:16.405,112400,52.0,1696.0,42.07,58.431,,,,,,,
392,412,2017-11-03 14:53:16.505,112500,52.0,1696.0,33.68,58.431,,,,,,,
392,412,2017-11-03 14:53:17.405,113400,55.0,1696.0,33.68,58.431,,,,,,,
392,412,2017-11-03 14:53:18.005,114000,55.0,1696.0,33.68,58.431,,,,,,,
392,412,2017-11-03 14:53:18.505,114500,57.0,1579.0,29.87,58.431,,,,,,,
392,412,2017-11-03 14:53:18.605,114600,57.0,1579.0,29.87,54.51,,,,,,,
392,412,2017-11-03 14:53:19.505,115500,60.0,1579.0,29.87,54.51,,,,,,,
392,412,2017-11-03 14:53:20.605,116600,63.0,1440.0,26.7,54.51,,,,,,,
392,412,2017-11-03 14:53:21.605,117600,65.0,1440.0,26.7,54.51,,,,,,,
392,412,2017-11-03 14:53:22.705,118700,65.0,1106.0,14.37,54.51,,,,,,,
392,412,2017-11-03 14:53:22.905,118900,65.0,1106.0,14.37,54.51,,,,,,,
392,412,2017-11-03 14:53:23.705,119700,66.0,1106.0,14.37,38.431,,,,,,,
392,412,2017-11-03 14:53:24.705,120700,66.0,1158.0,19.65,38.431,,,,,,,
392,412,2017-11-03 14:53:26.805,122800,67.0,1770.0,33.5,38.431,,,,,,,
392,412,2017-11-03 14:53:28.005,124000,67.0,1770.0,33.5,38.431,,,,,,,
392,412,2017-11-03 14:53:28.905,124900,67.0,1833.0,36.17,56.471,,,,,,,
392,412,2017-11-03 14:53:31.005,127000,67.0,1632.0,30.73,56.471,,,,,,,
392,412,2017-11-03 14:53:32.005,128000,66.0,1632.0,30.73,56.471,,,,,,,
392,412,2017-11-03 14:53:33.105,129100,66.0,1504.0,27.75,56.471,,,,,,,
392,412,2017-11-03 14:53:34.005,130000,66.0,1504.0,27.75,56.471,,,,,,,
392,412,2017-11-03 14:53:34.205,130200,66.0,1504.0,27.75,53.333,,,,,,,
392,412,2017-11-03 14:53:35.305,131300,65.0,1464.0,25.65,53.333,,,,,,,
392,412,2017-11-03 14:53:36.405,132400,64.0,1464.0,25.65,53.333,,,,,,,
392,412,2017-11-03 14:53:37.405,133400,64.0,1422.0,25.51,53.333,,,,,,,
392,412,2017-11-03 14:53:38.405,134400,63.0,1422.0,25.51,53.333,,,,,,,
392,412,2017-11-03 14:53:39.005,135000,63.0,1422.0,25.51,53.333,,,,,,,
392,412,2017-11-03 14:53:39.505,135500,63.0,1432.0,25.46,51.765,,,,,,,
392,412,2017-11-03 14:53:40.505,136500,62.0,1432.0,25.46,51.765,,,,,,,
392,412,2017-11-03 14:53:41.605,137600,61.0,1192.0,17.4,51.765,,,,,,,
392,412,2017-11-03 14:53:43.705,139700,61.0,1107.0,8.14,51.765,,,,,,,
392,412,2017-11-03 14:53:43.905,139900,61.0,1107.0,8.14,51.765,,,,,,,
392,412,2017-11-03 14:53:44.705,140700,61.0,1107.0,8.14,15.294,,,,,,,
392,412,2017-11-03 14:53:45.705,141700,61.0,476.0,1.62,15.294,,,,,,,
392,412,2017-11-03 14:53:46.805,142800,62.0,476.0,1.62,15.294,,,,,,,
392,412,2017-11-03 14:53:47.805,143800,63.0,0.0,1.04,15.294,,,,,,,
392,412,2017-11-03 14:53:48.905,144900,65.0,0.0,1.04,15.294,,,,,,,
392,412,2017-11-03 14:53:49.005,145000,65.0,0.0,1.04,15.294,,,,,,,
392,412,2017-11-03 14:53:49.905,145900,67.0,1632.0,31.45,54.118,,,,,,,
392,412,2017-11-03 14:53:50.905,146900,69.0,1632.0,31.45,54.118,,,,,,,
392,412,2017-11-03 14:53:52.005,148000,71.0,1760.0,34.35,54.118,,,,,,,
392,412,2017-11-03 14:53:53.005,149000,72.0,1760.0,34.35,54.118,,,,,,,
392,412,2017-11-03 14:53:54.005,150000,73.0,1760.0,34.35,54.118,,,,,,,
392,412,2017-11-03 14:53:54.105,150100,73.0,1632.0,31.21,54.118,,,,,,,
392,412,2017-11-03 14:53:55.005,151000,73.0,1632.0,31.21,54.118,,,,,,,
392,412,2017-11-03 14:53:55.105,151100,73.0,1632.0,31.21,52.549,,,,,,,
392,412,2017-11-03 14:53:56.805,152800,74.0,1568.0,27.75,52.549,,,,,,,
392,412,2017-11-03 14:53:58.805,154800,74.0,1463.0,25.29,52.549,,,,,,,
392,412,2017-11-03 14:54:00.005,156000,74.0,1463.0,25.29,52.549,,,,,,,
392,412,2017-11-03 14:54:00.105,156100,74.0,1463.0,25.29,49.02,,,,,,,
392,412,2017-11-03 14:54:00.805,156800,74.0,1119.0,17.67,49.02,,,,,,,
392,412,2017-11-03 14:54:02.805,158800,74.0,1055.0,17.67,49.02,,,,,,,
392,412,2017-11-03 14:54:02.905,158900,74.0,1055.0,11.21,49.02,,,,,,,
392,412,2017-11-03 14:54:03.105,159100,75.0,1055.0,11.21,49.02,,,,,,,
392,412,2017-11-03 14:54:04.905,160900,75.0,928.0,4.06,49.02,,,,,,,
392,412,2017-11-03 14:54:05.105,161100,76.0,928.0,4.06,49.02,,,,,,,
392,412,2017-11-03 14:54:05.205,161200,76.0,928.0,4.06,12.157,,,,,,,
392,412,2017-11-03 14:54:06.205,162200,74.0,928.0,4.06,12.157,,,,,,,
392,412,2017-11-03 14:54:07.105,163100,74.0,896.0,3.9,12.157,,,,,,,
392,412,2017-11-03 14:54:07.205,163200,67.0,896.0,3.9,12.157,,,,,,,
392,412,2017-11-03 14:54:08.305,164300,65.0,896.0,3.9,12.157,,,,,,,
392,412,2017-11-03 14:54:09.305,165300,63.0,896.0,3.95,12.157,,,,,,,
392,412,2017-11-03 14:54:09.905,165900,63.0,896.0,3.95,12.157,,,,,,,
392,412,2017-11-03 14:54:10.405,166400,62.0,896.0,3.95,12.157,,,,,,,
392,412,2017-11-03 14:54:11.405,167400,62.0,896.0,3.9,12.157,,,,,,,
392,412,2017-11-03 14:54:13.405,169400,62.0,900.0,3.9,12.157,,,,,,,
392,412,2017-11-03 14:54:13.505,169500,63.0,900.0,3.92,12.157,,,,,,,
392,412,2017-11-03 14:54:14.905,170900,63.0,900.0,3.92,12.157,,,,,,,
392,412,2017-11-03 14:54:15.505,171500,63.0,901.0,3.9,12.157,,,,,,,
392,412,2017-11-03 14:54:15.605,171600,64.0,901.0,3.9,12.157,,,,,,,
392,412,2017-11-03 14:54:17.605,173600,64.0,899.0,3.96,12.157,,,,,,,
392,412,2017-11-03 14:54:17.705,173700,65.0,899.0,3.96,12.157,,,,,,,
392,412,2017-11-03 14:54:19.705,175700,66.0,903.0,4.0,12.157,,,,,,,
392,412,2017-11-03 14:54:20.005,176000,66.0,903.0,4.0,12.157,,,,,,,
392,412,2017-11-03 14:54:20.705,176700,66.0,903.0,4.0,12.549,,,,,,,
392,412,2017-11-03 14:54:21.805,177800,66.0,898.0,3.96,12.549,,,,,,,
392,412,2017-11-03 14:54:23.905,179900,65.0,928.0,4.09,12.549,,,,,,,
392,412,2017-11-03 14:54:25.005,181000,64.0,928.0,4.09,12.549,,,,,,,
392,412,2017-11-03 14:54:25.905,181900,64.0,925.0,4.12,12.941,,,,,,,
392,412,2017-11-03 14:54:27.005,183000,61.0,925.0,4.12,12.941,,,,,,,
392,412,2017-11-03 14:54:28.005,184000,61.0,948.0,4.07,12.941,,,,,,,
392,412,2017-11-03 14:54:29.105,185100,60.0,948.0,4.07,12.941,,,,,,,
392,412,2017-11-03 14:54:30.105,186100,60.0,1235.0,19.84,12.941,,,,,,,
392,412,2017-11-03 14:54:31.005,187000,60.0,1235.0,19.84,12.941,,,,,,,
392,412,2017-11-03 14:54:31.105,187100,60.0,1235.0,19.84,47.843,,,,,,,
392,412,2017-11-03 14:54:31.205,187200,61.0,1235.0,19.84,47.843,,,,,,,
392,412,2017-11-03 14:54:32.205,188200,62.0,1628.0,29.53,47.843,,,,,,,
392,412,2017-11-03 14:54:34.205,190200,62.0,1664.0,29.53,47.843,,,,,,,
392,412,2017-11-03 14:54:34.305,190300,64.0,1664.0,31.4,47.843,,,,,,,
392,412,2017-11-03 14:54:36.005,192000,64.0,1664.0,31.4,47.843,,,,,,,
392,412,2017-11-03 14:54:36.305,192300,64.0,1518.0,27.43,52.941,,,,,,,
392,412,2017-11-03 14:54:36.405,192400,65.0,1518.0,27.43,52.941,,,,,,,
392,412,2017-11-03 14:54:37.405,193400,66.0,1518.0,27.43,52.941,,,,,,,
392,412,2017-11-03 14:54:38.405,194400,66.0,1314.0,22.98,52.941,,,,,,,
392,412,2017-11-03 14:54:38.505,194500,67.0,1314.0,22.98,52.941,,,,,,,
392,412,2017-11-03 14:54:40.505,196500,68.0,1314.0,22.98,52.941,,,,,,,
392,412,2017-11-03 14:54:40.605,196600,68.0,1131.0,16.21,52.941,,,,,,,
392,412,2017-11-03 14:54:41.005,197000,68.0,1131.0,16.21,52.941,,,,,,,
392,412,2017-11-03 14:54:41.505,197500,68.0,1131.0,16.21,36.471,,,,,,,
392,412,2017-11-03 14:54:42.605,198600,68.0,1376.0,25.98,36.471,,,,,,,
392,412,2017-11-03 14:54:42.705,198700,71.0,1376.0,25.98,36.471,,,,,,,
392,412,2017-11-03 14:54:44.705,200700,73.0,1660.0,30.84,36.471,,,,,,,
392,412,2017-11-03 14:54:45.805,201800,75.0,1660.0,30.84,36.471,,,,,,,
392,412,2017-11-03 14:54:45.905,201900,75.0,1660.0,30.84,36.471,,,,,,,
392,412,2017-11-03 14:54:46.805,202800,76.0,1280.0,20.39,45.49,,,,,,,
392,412,2017-11-03 14:54:48.905,204900,74.0,1048.0,15.79,45.49,,,,,,,
392,412,2017-11-03 14:54:50.905,206900,74.0,1056.0,16.06,45.49,,,,,,,
392,412,2017-11-03 14:54:52.005,208000,72.0,1056.0,16.06,26.275,,,,,,,
392,412,2017-11-03 14:54:53.005,209000,72.0,1076.0,10.4,26.275,,,,,,,
392,412,2017-11-03 14:54:55.105,211100,69.0,967.0,3.96,26.275,,,,,,,
392,412,2017-11-03 14:54:56.205,212200,64.0,967.0,3.96,26.275,,,,,,,
392,412,2017-11-03 14:54:57.005,213000,64.0,967.0,3.96,26.275,,,,,,,
392,412,2017-11-03 14:54:57.905,213900,57.0,0.0,3.84,0.0,,,,,,,
392,412,2017-11-03 14:54:58.905,214900,43.0,0.0,3.84,0.0,,,,,,,
392,412,2017-11-03 14:54:59.905,215900,36.0,0.0,0.48,0.0,,,,,,,
392,412,2017-11-03 14:55:01.005,217000,22.0,0.0,0.48,0.0,,,,,,,
392,412,2017-11-03 14:55:01.905,217900,22.0,0.0,0.43,0.0,,,,,,,
392,412,2017-11-03 14:55:03.105,219100,17.0,0.0,0.43,0.0,,,,,,,
392,412,2017-11-03 14:55:04.105,220100,14.0,0.0,0.43,0.0,,,,,,,
392,412,2017-11-03 14:55:05.105,221100,10.0,0.0,0.43,0.0,,,,,,,
392,412,2017-11-03 14:55:06.205,222200,6.0,0.0,0.43,0.0,,,,,,,
392,412,2017-11-03 14:55:07.205,223200,3.0,0.0,0.43,0.0,,,,,,,
392,412,2017-11-03 14:55:08.005,224000,3.0,0.0,0.43,0.0,,,,,,,
392,412,2017-11-03 14:55:09.505,225500,3.0,0.0,0.42,0.0,,,,,,,
392,412,2017-11-03 14:55:10.105,226100,0.0,0.0,0.42,0.0,,,,,,,
392,412,2017-11-03 14:55:38.005,254000,0.0,0.0,0.42,0.0,,,,,,,
392,412,2017-11-03 14:55:58.905,274900,0.0,0.0,0.42,0.0,,,,,,,
392,412,2017-11-03 14:56:08.005,284000,0.0,0.0,0.42,0.0,,,,,,,
392,412,2017-11-03 14:56:37.905,313900,0.0,0.0,0.42,0.0,,,,,,,
392,412,2017-11-03 14:57:00.005,336000,0.0,0.0,0.42,0.0,,,,,,,
392,412,2017-11-03 14:57:03.305,339300,0.0,0.0,0.43,0.0,,,,,,,
392,412,2017-11-03 14:57:07.905,343900,0.0,0.0,0.43,0.0,,,,,,,
392,412,2017-11-03 14:57:08.305,344300,0.0,0.0,0.42,0.0,,,,,,,
392,412,2017-11-03 14:57:13.405,349400,0.0,0.0,0.43,0.0,,,,,,,
392,412,2017-11-03 14:57:18.505,354500,0.0,0.0,0.42,0.0,,,,,,,
392,412,2017-11-03 14:57:23.705,359700,0.0,0.0,0.43,0.0,,,,,,,
392,412,2017-11-03 14:57:24.005,360000,0.0,0.0,0.43,0.0,,,,,,,
392,412,2017-11-03 14:57:24.805,360800,0.0,1126.0,0.43,0.0,,,,,,,
392,412,2017-11-03 14:57:25.105,361100,0.0,1629.0,0.43,0.0,,,,,,,
392,412,2017-11-03 14:57:25.205,361200,0.0,1629.0,29.56,52.157,,,,,,,
392,412,2017-11-03 14:57:25.805,361800,17.0,1629.0,29.56,52.157,,,,,,,
392,412,2017-11-03 14:57:27.105,363100,17.0,2085.0,29.56,52.157,,,,,,,
392,412,2017-11-03 14:57:27.205,363200,17.0,2085.0,41.71,52.157,,,,,,,
392,412,2017-11-03 14:57:27.905,363900,24.0,2085.0,41.71,52.157,,,,,,,
392,412,2017-11-03 14:57:29.005,365000,34.0,2085.0,41.71,52.157,,,,,,,
392,412,2017-11-03 14:57:29.105,365100,34.0,2344.0,41.71,52.157,,,,,,,
392,412,2017-11-03 14:57:29.205,365200,34.0,2344.0,50.29,52.157,,,,,,,
392,412,2017-11-03 14:57:30.105,366100,40.0,2344.0,50.29,52.157,,,,,,,
392,412,2017-11-03 14:57:30.205,366200,40.0,2344.0,50.29,62.353,,,,,,,
392,412,2017-11-03 14:57:31.205,367200,46.0,2210.0,47.0,62.353,,,,,,,
392,412,2017-11-03 14:57:32.205,368200,50.0,2210.0,47.0,62.353,,,,,,,
392,412,2017-11-03 14:57:33.305,369300,54.0,2026.0,41.9,62.353,,,,,,,
392,412,2017-11-03 14:57:34.305,370300,57.0,2026.0,41.9,62.353,,,,,,,
392,412,2017-11-03 14:57:35.005,371000,57.0,2026.0,41.9,62.353,,,,,,,
392,412,2017-11-03 14:57:35.405,371400,59.0,1408.0,27.5,53.725,,,,,,,
392,412,2017-11-03 14:57:36.405,372400,60.0,1408.0,27.5,53.725,,,,,,,
392,412,2017-11-03 14:57:37.505,373500,60.0,1219.0,1.73,53.725,,,,,,,
392,412,2017-11-03 14:57:38.505,374500,58.0,1219.0,1.73,53.725,,,,,,,
392,412,2017-11-03 14:57:39.505,375500,56.0,1024.0,25.2,53.725,,,,,,,
392,412,2017-11-03 14:57:39.905,375900,56.0,1024.0,25.2,53.725,,,,,,,
392,412,2017-11-03 14:57:40.605,376600,57.0,1024.0,25.2,47.451,,,,,,,
392,412,2017-11-03 14:57:41.605,377600,57.0,1171.0,18.68,47.451,,,,,,,
392,412,2017-11-03 14:57:42.605,378600,58.0,1171.0,18.68,47.451,,,,,,,
392,412,2017-11-03 14:57:43.705,379700,59.0,1206.0,20.68,47.451,,,,,,,
392,412,2017-11-03 14:57:44.905,380900,59.0,1206.0,20.68,47.451,,,,,,,
392,412,2017-11-03 14:57:45.805,381800,60.0,1184.0,17.76,42.353,,,,,,,
392,412,2017-11-03 14:57:47.905,383900,61.0,1115.0,15.01,42.353,,,,,,,
392,412,2017-11-03 14:57:49.905,385900,61.0,1088.0,9.01,42.353,,,,,,,
392,412,2017-11-03 14:57:51.005,387000,61.0,1088.0,9.01,23.529,,,,,,,
392,412,2017-11-03 14:57:52.005,388000,61.0,1088.0,8.81,23.529,,,,,,,
392,412,2017-11-03 14:57:53.005,389000,60.0,1088.0,8.81,23.529,,,,,,,
392,412,2017-11-03 14:57:54.105,390100,60.0,1112.0,12.9,23.529,,,,,,,
392,412,2017-11-03 14:57:56.005,392000,60.0,1112.0,12.9,23.529,,,,,,,
392,412,2017-11-03 14:57:56.205,392200,59.0,1088.0,5.29,7.843,,,,,,,
392,412,2017-11-03 14:57:58.205,394200,58.0,1088.0,5.29,7.843,,,,,,,
392,412,2017-11-03 14:57:58.305,394300,58.0,0.0,3.93,7.843,,,,,,,
392,412,2017-11-03 14:57:59.305,395300,57.0,0.0,3.93,7.843,,,,,,,
392,412,2017-11-03 14:58:00.905,396900,57.0,0.0,3.93,7.843,,,,,,,
392,412,2017-11-03 14:58:01.105,397100,57.0,0.0,0.46,7.843,,,,,,,
392,412,2017-11-03 14:58:01.205,397200,57.0,0.0,0.46,0.0,,,,,,,
392,412,2017-11-03 14:58:02.205,398200,52.0,0.0,0.46,0.0,,,,,,,
392,412,2017-11-03 14:58:03.105,399100,52.0,0.0,0.43,0.0,,,,,,,
392,412,2017-11-03 14:58:03.205,399200,47.0,0.0,0.43,0.0,,,,,,,
392,412,2017-11-03 14:58:04.305,400300,43.0,0.0,0.43,0.0,,,,,,,
392,412,2017-11-03 14:58:05.305,401300,34.0,0.0,0.43,0.0,,,,,,,
392,412,2017-11-03 14:58:05.905,401900,34.0,0.0,0.43,0.0,,,,,,,
392,412,2017-11-03 14:58:06.305,402300,28.0,0.0,0.43,0.0,,,,,,,
392,412,2017-11-03 14:58:07.405,403400,23.0,0.0,0.43,0.0,,,,,,,
392,412,2017-11-03 14:58:08.405,404400,17.0,0.0,0.43,0.0,,,,,,,
392,412,2017-11-03 14:58:09.505,405500,9.0,0.0,0.43,0.0,,,,,,,
392,412,2017-11-03 14:58:11.005,407000,9.0,0.0,0.43,0.0,,,,,,,
392,412,2017-11-03 14:58:11.505,407500,4.0,0.0,0.43,0.0,,,,,,,
392,412,2017-11-03 14:58:12.605,408600,3.0,0.0,0.43,0.0,,,,,,,
392,412,2017-11-03 14:58:13.605,409600,3.0,0.0,0.42,0.0,,,,,,,
392,412,2017-11-03 14:58:15.505,411500,0.0,0.0,0.42,0.0,,,,,,,
392,412,2017-11-03 14:58:15.905,411900,0.0,0.0,0.42,0.0,,,,,,,
392,412,2017-11-03 14:58:16.605,412600,0.0,1264.0,0.42,0.0,,,,,,,
392,412,2017-11-03 14:58:16.705,412700,0.0,1264.0,19.87,0.0,,,,,,,
392,412,2017-11-03 14:58:16.805,412800,0.0,1264.0,19.87,46.275,,,,,,,
392,412,2017-11-03 14:58:17.305,413300,15.0,1264.0,19.87,46.275,,,,,,,
392,412,2017-11-03 14:58:18.605,414600,15.0,1420.0,19.87,46.275,,,,,,,
392,412,2017-11-03 14:58:18.705,414700,15.0,1420.0,25.56,46.275,,,,,,,
392,412,2017-11-03 14:58:19.405,415400,18.0,1420.0,25.56,46.275,,,,,,,
392,412,2017-11-03 14:58:20.505,416500,29.0,1420.0,25.56,46.275,,,,,,,
392,412,2017-11-03 14:58:20.605,416600,29.0,2112.0,25.56,46.275,,,,,,,
392,412,2017-11-03 14:58:20.705,416700,29.0,2112.0,44.09,46.275,,,,,,,
392,412,2017-11-03 14:58:20.905,416900,29.0,2112.0,44.09,46.275,,,,,,,
392,412,2017-11-03 14:58:21.505,417500,35.0,2112.0,44.09,46.275,,,,,,,
392,412,2017-11-03 14:58:21.805,417800,35.0,2112.0,44.09,59.608,,,,,,,
392,412,2017-11-03 14:58:22.505,418500,39.0,2112.0,44.09,59.608,,,,,,,
392,412,2017-11-03 14:58:22.605,418600,39.0,2332.0,44.09,59.608,,,,,,,
392,412,2017-11-03 14:58:22.705,418700,39.0,2332.0,49.26,59.608,,,,,,,
392,412,2017-11-03 14:58:23.605,419600,44.0,2332.0,49.26,59.608,,,,,,,
392,412,2017-11-03 14:58:24.605,420600,49.0,2336.0,49.26,59.608,,,,,,,
392,412,2017-11-03 14:58:24.705,420700,49.0,2336.0,49.04,59.608,,,,,,,
392,412,2017-11-03 14:58:25.605,421600,54.0,2336.0,49.04,59.608,,,,,,,
392,412,2017-11-03 14:58:25.905,421900,54.0,2336.0,49.04,59.608,,,,,,,
392,412,2017-11-03 14:58:26.705,422700,58.0,2016.0,41.67,59.608,,,,,,,
392,412,2017-11-03 14:58:26.805,422800,58.0,2016.0,41.67,59.216,,,,,,,
392,412,2017-11-03 14:58:27.705,423700,59.0,2016.0,41.67,59.216,,,,,,,
392,412,2017-11-03 14:58:28.805,424800,61.0,1204.0,21.45,59.216,,,,,,,
392,412,2017-11-03 14:58:29.805,425800,62.0,1204.0,21.45,59.216,,,,,,,
392,412,2017-11-03 14:58:30.805,426800,63.0,1204.0,21.45,59.216,,,,,,,
392,412,2017-11-03 14:58:30.905,426900,63.0,1152.0,19.35,59.216,,,,,,,
392,412,2017-11-03 14:58:31.905,427900,64.0,1152.0,19.35,43.529,,,,,,,
392,412,2017-11-03 14:58:32.905,428900,64.0,1151.0,16.5,43.529,,,,,,,
392,412,2017-11-03 14:58:35.105,431100,64.0,1120.0,16.28,43.529,,,,,,,
392,412,2017-11-03 14:58:37.005,433000,64.0,1120.0,16.28,43.529,,,,,,,
392,412,2017-11-03 14:58:37.205,433200,64.0,1146.0,15.81,39.216,,,,,,,
392,412,2017-11-03 14:58:39.305,435300,64.0,1120.0,15.73,39.216,,,,,,,
392,412,2017-11-03 14:58:40.305,436300,65.0,1120.0,15.73,39.216,,,,,,,
392,412,2017-11-03 14:58:41.405,437400,65.0,1152.0,16.25,39.216,,,,,,,
392,412,2017-11-03 14:58:41.905,437900,65.0,1152.0,16.25,39.216,,,,,,,
392,412,2017-11-03 14:58:42.405,438400,65.0,1152.0,16.25,40.784,,,,,,,
392,412,2017-11-03 14:58:43.405,439400,64.0,1152.0,16.25,40.784,,,,,,,
392,412,2017-11-03 14:58:43.505,439500,64.0,1150.0,16.18,40.784,,,,,,,
392,412,2017-11-03 14:58:45.505,441500,63.0,1147.0,15.9,40.784,,,,,,,
392,412,2017-11-03 14:58:46.905,442900,63.0,1147.0,15.9,40.784,,,,,,,
392,412,2017-11-03 14:58:47.605,443600,63.0,1135.0,14.62,35.294,,,,,,,
392,412,2017-11-03 14:58:49.705,445700,63.0,1121.0,13.39,35.294,,,,,,,
392,412,2017-11-03 14:58:50.705,446700,64.0,1121.0,13.39,35.294,,,,,,,
392,412,2017-11-03 14:58:51.805,447800,64.0,1130.0,13.98,35.294,,,,,,,
392,412,2017-11-03 14:58:52.005,448000,64.0,1130.0,13.98,35.294,,,,,,,
392,412,2017-11-03 14:58:52.805,448800,64.0,1130.0,13.98,34.902,,,,,,,
392,412,2017-11-03 14:58:53.905,449900,64.0,1120.0,13.35,34.902,,,,,,,
392,412,2017-11-03 14:58:54.905,450900,63.0,1120.0,13.35,34.902,,,,,,,
392,412,2017-11-03 14:58:55.905,451900,63.0,985.0,4.56,34.902,,,,,,,
392,412,2017-11-03 14:58:57.005,453000,61.0,985.0,4.56,34.902,,,,,,,
392,412,2017-11-03 14:58:58.005,454000,59.0,0.0,4.2,0.0,,,,,,,
392,412,2017-11-03 14:58:59.005,455000,56.0,0.0,4.2,0.0,,,,,,,
392,412,2017-11-03 14:59:00.105,456100,54.0,0.0,0.48,0.0,,,,,,,
392,412,2017-11-03 14:59:01.805,457800,52.0,0.0,0.48,0.0,,,,,,,
392,412,2017-11-03 14:59:02.105,458100,52.0,0.0,0.43,0.0,,,,,,,
392,412,2017-11-03 14:59:02.905,458900,49.0,0.0,0.43,0.0,,,,,,,
392,412,2017-11-03 14:59:03.905,459900,46.0,0.0,0.43,0.0,,,,,,,
392,412,2017-11-03 14:59:04.905,460900,43.0,0.0,0.43,0.0,,,,,,,
392,412,2017-11-03 14:59:06.005,462000,40.0,0.0,0.43,0.0,,,,,,,
392,412,2017-11-03 14:59:06.905,462900,40.0,0.0,0.43,0.0,,,,,,,
392,412,2017-11-03 14:59:07.005,463000,36.0,0.0,0.43,0.0,,,,,,,
392,412,2017-11-03 14:59:08.005,464000,29.0,0.0,0.43,0.0,,,,,,,
392,412,2017-11-03 14:59:09.105,465100,17.0,0.0,0.43,0.0,,,,,,,
392,412,2017-11-03 14:59:11.205,467200,13.0,0.0,0.43,0.0,,,,,,,
392,412,2017-11-03 14:59:12.305,468300,6.0,0.0,0.43,0.0,,,,,,,
392,412,2017-11-03 14:59:12.905,468900,6.0,0.0,0.43,0.0,,,,,,,
392,412,2017-11-03 14:59:13.905,469900,3.0,0.0,0.43,0.0,,,,,,,
392,412,2017-11-03 14:59:15.205,471200,3.0,0.0,0.42,0.0,,,,,,,
392,412,2017-11-03 14:59:17.005,473000,4.0,0.0,0.42,0.0,,,,,,,
392,412,2017-11-03 14:59:17.105,473100,4.0,1034.0,0.42,0.0,,,,,,,
392,412,2017-11-03 14:59:17.205,473200,4.0,1034.0,6.89,0.0,,,,,,,
392,412,2017-11-03 14:59:18.005,474000,9.0,1034.0,6.89,0.0,,,,,,,
392,412,2017-11-03 14:59:18.305,474300,9.0,1034.0,6.89,35.686,,,,,,,
392,412,2017-11-03 14:59:19.105,475100,14.0,1327.0,6.89,35.686,,,,,,,
392,412,2017-11-03 14:59:19.205,475200,14.0,1327.0,21.0,35.686,,,,,,,
392,412,2017-11-03 14:59:20.105,476100,19.0,1327.0,21.0,35.686,,,,,,,
392,412,2017-11-03 14:59:21.205,477200,21.0,1184.0,12.25,35.686,,,,,,,
392,412,2017-11-03 14:59:22.205,478200,24.0,1184.0,12.25,35.686,,,,,,,
392,412,2017-11-03 14:59:23.005,479000,24.0,1184.0,12.25,35.686,,,,,,,
392,412,2017-11-03 14:59:23.205,479200,26.0,1184.0,12.25,35.686,,,,,,,
392,412,2017-11-03 14:59:23.305,479300,26.0,2417.0,54.9,35.686,,,,,,,
392,412,2017-11-03 14:59:23.405,479400,26.0,2417.0,54.9,65.882,,,,,,,
392,412,2017-11-03 14:59:24.305,480300,34.0,2417.0,54.9,65.882,,,,,,,
392,412,2017-11-03 14:59:25.305,481300,50.0,4339.0,134.65,65.882,,,,,,,
392,412,2017-11-03 14:59:26.405,482400,56.0,4339.0,134.65,65.882,,,,,,,
392,412,2017-11-03 14:59:27.405,483400,71.0,4067.0,112.96,65.882,,,,,,,
392,412,2017-11-03 14:59:27.905,483900,71.0,4067.0,112.96,65.882,,,,,,,
392,412,2017-11-03 14:59:28.505,484500,78.0,4067.0,112.96,62.745,,,,,,,
392,412,2017-11-03 14:59:29.505,485500,82.0,2240.0,45.26,62.745,,,,,,,
392,412,2017-11-03 14:59:30.505,486500,83.0,2240.0,45.26,62.745,,,,,,,
392,412,2017-11-03 14:59:31.605,487600,84.0,1092.0,16.81,62.745,,,,,,,
392,412,2017-11-03 14:59:32.905,488900,84.0,1092.0,16.81,62.745,,,,,,,
392,412,2017-11-03 14:59:33.605,489600,83.0,1092.0,16.81,62.745,,,,,,,
392,412,2017-11-03 14:59:33.705,489700,83.0,928.0,4.42,14.51,,,,,,,
392,412,2017-11-03 14:59:35.705,491700,83.0,891.0,4.14,14.51,,,,,,,
392,412,2017-11-03 14:59:36.805,492800,82.0,891.0,4.14,14.51,,,,,,,
392,412,2017-11-03 14:59:37.805,493800,83.0,892.0,6.12,14.51,,,,,,,
392,412,2017-11-03 14:59:38.005,494000,83.0,892.0,6.12,14.51,,,,,,,
392,412,2017-11-03 14:59:38.805,494800,82.0,892.0,6.12,14.51,,,,,,,
392,412,2017-11-03 14:59:38.905,494900,82.0,892.0,6.12,11.373,,,,,,,
392,412,2017-11-03 14:59:39.905,495900,82.0,944.0,3.9,11.373,,,,,,,
392,412,2017-11-03 14:59:40.905,496900,81.0,944.0,3.9,11.373,,,,,,,
392,412,2017-11-03 14:59:42.005,498000,79.0,900.0,3.87,11.373,,,,,,,
392,412,2017-11-03 14:59:43.105,499100,78.0,900.0,3.87,11.373,,,,,,,
392,412,2017-11-03 14:59:44.005,500000,78.0,900.0,3.87,11.373,,,,,,,
392,412,2017-11-03 14:59:44.205,500200,76.0,916.0,3.87,12.157,,,,,,,
392,412,2017-11-03 14:59:45.205,501200,73.0,916.0,3.87,12.157,,,,,,,
392,412,2017-11-03 14:59:46.205,502200,72.0,916.0,3.87,12.157,,,,,,,
392,412,2017-11-03 14:59:46.305,502300,72.0,1055.0,8.62,12.157,,,,,,,
392,412,2017-11-03 14:59:47.305,503300,71.0,1055.0,8.62,12.157,,,,,,,
392,412,2017-11-03 14:59:48.305,504300,70.0,1134.0,17.9,12.157,,,,,,,
392,412,2017-11-03 14:59:48.905,504900,70.0,1134.0,17.9,12.157,,,,,,,
392,412,2017-11-03 14:59:49.405,505400,70.0,1134.0,17.9,40.784,,,,,,,
392,412,2017-11-03 14:59:50.405,506400,70.0,1154.0,12.67,40.784,,,,,,,
392,412,2017-11-03 14:59:51.405,507400,69.0,1154.0,12.67,40.784,,,,,,,
392,412,2017-11-03 14:59:52.505,508500,69.0,1056.0,5.46,40.784,,,,,,,
392,412,2017-11-03 14:59:53.505,509500,68.0,1056.0,5.46,40.784,,,,,,,
392,412,2017-11-03 14:59:53.905,509900,68.0,1056.0,5.46,40.784,,,,,,,
392,412,2017-11-03 14:59:54.605,510600,67.0,850.0,3.87,13.333,,,,,,,
392,412,2017-11-03 14:59:55.605,511600,66.0,850.0,3.87,13.333,,,,,,,
392,412,2017-11-03 14:59:56.605,512600,64.0,850.0,3.87,13.333,,,,,,,
392,412,2017-11-03 14:59:56.705,512700,64.0,1150.0,16.98,13.333,,,,,,,
392,412,2017-11-03 14:59:57.705,513700,65.0,1150.0,16.98,13.333,,,,,,,
392,412,2017-11-03 14:59:58.705,514700,65.0,1216.0,20.31,13.333,,,,,,,
392,412,2017-11-03 14:59:59.005,515000,65.0,1216.0,20.31,13.333,,,,,,,
392,412,2017-11-03 14:59:59.805,515800,66.0,1216.0,20.31,49.412,,,,,,,
392,412,2017-11-03 15:00:00.805,516800,67.0,1358.0,23.18,49.412,,,,,,,
392,412,2017-11-03 15:00:02.505,518500,68.0,1358.0,23.18,49.412,,,,,,,
392,412,2017-11-03 15:00:02.605,518600,68.0,1358.0,23.18,49.412,,,,,,,
392,412,2017-11-03 15:00:02.805,518800,68.0,1280.0,23.35,49.412,,,,,,,
392,412,2017-11-03 15:00:03.605,519600,69.0,1280.0,23.35,49.412,,,,,,,
392,412,2017-11-03 15:00:03.905,519900,69.0,1280.0,23.35,49.412,,,,,,,
392,412,2017-11-03 15:00:04.605,520600,70.0,1280.0,23.35,49.412,,,,,,,
392,412,2017-11-03 15:00:04.805,520800,70.0,1313.0,23.95,49.02,,,,,,,
392,412,2017-11-03 15:00:05.705,521700,71.0,1313.0,23.95,49.02,,,,,,,
392,412,2017-11-03 15:00:06.705,522700,72.0,1313.0,23.95,49.02,,,,,,,
392,412,2017-11-03 15:00:06.805,522800,72.0,1189.0,19.82,49.02,,,,,,,
392,412,2017-11-03 15:00:08.805,524800,73.0,1086.0,16.34,49.02,,,,,,,
392,412,2017-11-03 15:00:09.005,525000,73.0,1086.0,16.34,49.02,,,,,,,
392,412,2017-11-03 15:00:09.805,525800,74.0,1086.0,16.34,45.098,,,,,,,
392,412,2017-11-03 15:00:10.805,526800,74.0,1116.0,17.29,45.098,,,,,,,
392,412,2017-11-03 15:00:11.905,527900,75.0,1116.0,17.29,45.098,,,,,,,
392,412,2017-11-03 15:00:12.805,528800,75.0,1056.0,7.18,45.098,,,,,,,
392,412,2017-11-03 15:00:14.005,530000,73.0,1056.0,7.18,45.098,,,,,,,
392,412,2017-11-03 15:00:14.805,530800,73.0,985.0,4.7,45.098,,,,,,,
392,412,2017-11-03 15:00:14.905,530900,73.0,985.0,4.7,13.333,,,,,,,
392,412,2017-11-03 15:00:17.005,533000,73.0,927.0,4.7,13.333,,,,,,,
392,412,2017-11-03 15:00:17.105,533100,71.0,927.0,3.89,13.333,,,,,,,
392,412,2017-11-03 15:00:18.205,534200,70.0,927.0,3.89,13.333,,,,,,,
392,412,2017-11-03 15:00:19.205,535200,70.0,977.0,7.12,13.333,,,,,,,
392,412,2017-11-03 15:00:19.905,535900,70.0,977.0,7.12,13.333,,,,,,,
392,412,2017-11-03 15:00:20.205,536200,70.0,977.0,7.12,14.51,,,,,,,
392,412,2017-11-03 15:00:20.305,536300,69.0,977.0,7.12,14.51,,,,,,,
392,412,2017-11-03 15:00:21.205,537200,69.0,992.0,7.12,14.51,,,,,,,
392,412,2017-11-03 15:00:21.305,537300,68.0,992.0,6.56,14.51,,,,,,,
392,412,2017-11-03 15:00:22.405,538400,67.0,992.0,6.56,14.51,,,,,,,
392,412,2017-11-03 15:00:23.305,539300,67.0,1188.0,17.93,14.51,,,,,,,
392,412,2017-11-03 15:00:23.405,539400,68.0,1188.0,17.93,14.51,,,,,,,
392,412,2017-11-03 15:00:24.905,540900,68.0,1188.0,17.93,14.51,,,,,,,
392,412,2017-11-03 15:00:25.405,541400,68.0,1254.0,20.54,48.235,,,,,,,
392,412,2017-11-03 15:00:25.505,541500,69.0,1254.0,20.54,48.235,,,,,,,
392,412,2017-11-03 15:00:26.505,542500,70.0,1254.0,20.54,48.235,,,,,,,
392,412,2017-11-03 15:00:27.505,543500,71.0,1131.0,17.84,48.235,,,,,,,
392,412,2017-11-03 15:00:28.605,544600,72.0,1131.0,17.84,48.235,,,,,,,
392,412,2017-11-03 15:00:29.605,545600,73.0,1157.0,17.93,48.235,,,,,,,
392,412,2017-11-03 15:00:29.905,545900,73.0,1157.0,17.93,48.235,,,,,,,
392,412,2017-11-03 15:00:30.605,546600,73.0,1157.0,17.93,45.49,,,,,,,
392,412,2017-11-03 15:00:31.605,547600,73.0,1100.0,17.93,45.49,,,,,,,
392,412,2017-11-03 15:00:31.705,547700,74.0,1100.0,16.96,45.49,,,,,,,
392,412,2017-11-03 15:00:32.705,548700,75.0,1100.0,16.96,45.49,,,,,,,
392,412,2017-11-03 15:00:33.705,549700,75.0,1047.0,13.51,45.49,,,,,,,
392,412,2017-11-03 15:00:34.905,550900,75.0,1047.0,13.51,45.49,,,,,,,
392,412,2017-11-03 15:00:35.805,551800,75.0,992.0,7.29,20.392,,,,,,,
392,412,2017-11-03 15:00:35.905,551900,76.0,992.0,7.29,20.392,,,,,,,
392,412,2017-11-03 15:00:36.905,552900,75.0,992.0,7.29,20.392,,,,,,,
392,412,2017-11-03 15:00:37.905,553900,75.0,1054.0,8.5,20.392,,,,,,,
392,412,2017-11-03 15:00:40.005,556000,76.0,1069.0,18.67,20.392,,,,,,,
392,412,2017-11-03 15:00:40.905,556900,76.0,1069.0,18.67,20.392,,,,,,,
392,412,2017-11-03 15:00:41.005,557000,76.0,1069.0,18.67,52.941,,,,,,,
392,412,2017-11-03 15:00:41.105,557100,77.0,1069.0,18.67,52.941,,,,,,,
392,412,2017-11-03 15:00:42.005,558000,77.0,2027.0,18.67,52.941,,,,,,,
392,412,2017-11-03 15:00:42.105,558100,78.0,2027.0,41.32,52.941,,,,,,,
392,412,2017-11-03 15:00:43.205,559200,79.0,2027.0,41.32,52.941,,,,,,,
392,412,2017-11-03 15:00:44.105,560100,79.0,2400.0,49.67,52.941,,,,,,,
392,412,2017-11-03 15:00:44.205,560200,83.0,2400.0,49.67,52.941,,,,,,,
392,412,2017-11-03 15:00:45.205,561200,86.0,2400.0,49.67,52.941,,,,,,,
392,412,2017-11-03 15:00:46.005,562000,86.0,2400.0,49.67,52.941,,,,,,,
392,412,2017-11-03 15:00:46.205,562200,86.0,1504.0,18.67,45.49,,,,,,,
392,412,2017-11-03 15:00:46.305,562300,87.0,1504.0,18.67,45.49,,,,,,,
392,412,2017-11-03 15:00:48.305,564300,87.0,1241.0,19.35,45.49,,,,,,,
392,412,2017-11-03 15:00:50.405,566400,87.0,1067.0,15.82,45.49,,,,,,,
392,412,2017-11-03 15:00:50.505,566500,85.0,1067.0,15.82,45.49,,,,,,,
392,412,2017-11-03 15:00:51.105,567100,85.0,1067.0,15.82,45.49,,,,,,,
392,412,2017-11-03 15:00:51.505,567500,85.0,1067.0,15.82,42.745,,,,,,,
392,412,2017-11-03 15:00:52.505,568500,85.0,1074.0,4.07,42.745,,,,,,,
392,412,2017-11-03 15:00:52.605,568600,83.0,1074.0,4.07,42.745,,,,,,,
392,412,2017-11-03 15:00:53.705,569700,80.0,1074.0,4.07,42.745,,,,,,,
392,412,2017-11-03 15:00:54.605,570600,80.0,904.0,3.84,42.745,,,,,,,
392,412,2017-11-03 15:00:54.705,570700,78.0,904.0,3.84,42.745,,,,,,,
392,412,2017-11-03 15:00:55.705,571700,76.0,904.0,3.84,42.745,,,,,,,
392,412,2017-11-03 15:00:55.905,571900,76.0,904.0,3.84,42.745,,,,,,,
392,412,2017-11-03 15:00:56.605,572600,76.0,896.0,3.84,42.745,,,,,,,
392,412,2017-11-03 15:00:56.705,572700,76.0,896.0,3.81,12.157,,,,,,,
392,412,2017-11-03 15:00:56.805,572800,71.0,896.0,3.81,12.157,,,,,,,
392,412,2017-11-03 15:00:58.705,574700,71.0,832.0,7.45,12.157,,,,,,,
392,412,2017-11-03 15:00:58.905,574900,70.0,832.0,7.45,12.157,,,,,,,
392,412,2017-11-03 15:01:00.805,576800,70.0,1917.0,37.18,12.157,,,,,,,
392,412,2017-11-03 15:01:00.905,576900,72.0,1917.0,37.18,12.157,,,,,,,
392,412,2017-11-03 15:01:01.005,577000,72.0,1917.0,37.18,12.157,,,,,,,
392,412,2017-11-03 15:01:01.805,577800,72.0,1917.0,37.18,54.902,,,,,,,
392,412,2017-11-03 15:01:02.005,578000,74.0,1917.0,37.18,54.902,,,,,,,
392,412,2017-11-03 15:01:03.605,579600,74.0,1089.0,17.23,54.902,,,,,,,
392,412,2017-11-03 15:01:04.605,580600,75.0,1089.0,17.23,54.902,,,,,,,
392,412,2017-11-03 15:01:05.605,581600,75.0,1252.0,19.82,54.902,,,,,,,
392,412,2017-11-03 15:01:05.905,581900,75.0,1252.0,19.82,54.902,,,,,,,
392,412,2017-11-03 15:01:06.905,582900,75.0,1252.0,19.82,46.275,,,,,,,
392,412,2017-11-03 15:01:07.605,583600,75.0,1318.0,21.23,46.275,,,,,,,
392,412,2017-11-03 15:01:07.805,583800,76.0,1318.0,21.23,46.275,,,,,,,
392,412,2017-11-03 15:01:09.605,585600,76.0,1350.0,21.87,46.275,,,,,,,
392,412,2017-11-03 15:01:11.705,587700,76.0,1153.0,12.35,46.275,,,,,,,
392,412,2017-11-03 15:01:11.905,587900,76.0,1153.0,12.35,35.294,,,,,,,
392,412,2017-11-03 15:01:12.905,588900,74.0,1153.0,12.35,35.294,,,,,,,
392,412,2017-11-03 15:01:13.805,589800,74.0,992.0,25.93,35.294,,,,,,,
392,412,2017-11-03 15:01:14.005,590000,73.0,992.0,25.93,35.294,,,,,,,
392,412,2017-11-03 15:01:15.805,591800,73.0,2112.0,25.93,35.294,,,,,,,
392,412,2017-11-03 15:01:15.905,591900,73.0,2112.0,42.53,35.294,,,,,,,
392,412,2017-11-03 15:01:16.105,592100,75.0,2112.0,42.53,35.294,,,,,,,
392,412,2017-11-03 15:01:16.905,592900,75.0,2112.0,42.53,35.294,,,,,,,
392,412,2017-11-03 15:01:17.005,593000,75.0,2112.0,42.53,56.863,,,,,,,
392,412,2017-11-03 15:01:17.105,593100,78.0,2112.0,42.53,56.863,,,,,,,
392,412,2017-11-03 15:01:17.905,593900,78.0,2096.0,41.9,56.863,,,,,,,
392,412,2017-11-03 15:01:18.205,594200,80.0,2096.0,41.9,56.863,,,,,,,
392,412,2017-11-03 15:01:20.005,596000,80.0,3452.0,80.45,56.863,,,,,,,
392,412,2017-11-03 15:01:20.205,596200,83.0,3452.0,80.45,56.863,,,,,,,
392,412,2017-11-03 15:01:21.305,597300,84.0,3452.0,80.45,56.863,,,,,,,
392,412,2017-11-03 15:01:22.005,598000,84.0,3452.0,80.45,56.863,,,,,,,
392,412,2017-11-03 15:01:22.105,598100,84.0,3016.0,63.54,61.961,,,,,,,
392,412,2017-11-03 15:01:22.305,598300,87.0,3016.0,63.54,61.961,,,,,,,
392,412,2017-11-03 15:01:23.405,599400,88.0,3016.0,63.54,61.961,,,,,,,
392,412,2017-11-03 15:01:24.405,600400,88.0,1472.0,19.39,61.961,,,,,,,
392,412,2017-11-03 15:01:24.505,600500,87.0,1472.0,19.39,61.961,,,,,,,
392,412,2017-11-03 15:01:25.505,601500,86.0,1472.0,19.39,61.961,,,,,,,
392,412,2017-11-03 15:01:26.505,602500,82.0,1057.0,4.06,61.961,,,,,,,
392,412,2017-11-03 15:01:26.905,602900,82.0,1057.0,4.06,61.961,,,,,,,
392,412,2017-11-03 15:01:27.505,603500,78.0,1057.0,4.06,14.118,,,,,,,
392,412,2017-11-03 15:01:28.505,604500,78.0,736.0,3.82,14.118,,,,,,,
392,412,2017-11-03 15:01:28.605,604600,73.0,736.0,3.82,14.118,,,,,,,
392,412,2017-11-03 15:01:30.605,606600,73.0,800.0,3.76,14.118,,,,,,,
392,412,2017-11-03 15:01:30.705,606700,71.0,800.0,3.76,14.118,,,,,,,
392,412,2017-11-03 15:01:32.005,608000,71.0,800.0,3.76,14.118,,,,,,,
392,412,2017-11-03 15:01:32.705,608700,71.0,975.0,6.01,17.255,,,,,,,
392,412,2017-11-03 15:01:34.805,610800,72.0,1003.0,5.93,17.255,,,,,,,
392,412,2017-11-03 15:01:35.905,611900,73.0,1003.0,5.93,17.255,,,,,,,
392,412,2017-11-03 15:01:36.805,612800,73.0,1076.0,5.93,17.255,,,,,,,
392,412,2017-11-03 15:01:36.905,612900,75.0,1076.0,11.5,17.255,,,,,,,
392,412,2017-11-03 15:01:37.005,613000,75.0,1076.0,11.5,17.255,,,,,,,
392,412,2017-11-03 15:01:37.905,613900,76.0,1076.0,11.5,30.98,,,,,,,
392,412,2017-11-03 15:01:38.905,614900,76.0,1024.0,15.09,30.98,,,,,,,
392,412,2017-11-03 15:01:39.005,615000,77.0,1024.0,15.09,30.98,,,,,,,
392,412,2017-11-03 15:01:41.005,617000,77.0,1024.0,13.1,30.98,,,,,,,
392,412,2017-11-03 15:01:41.105,617100,78.0,1024.0,13.1,30.98,,,,,,,
392,412,2017-11-03 15:01:42.905,618900,78.0,1024.0,13.1,30.98,,,,,,,
392,412,2017-11-03 15:01:43.105,619100,77.0,1121.0,18.46,45.098,,,,,,,
392,412,2017-11-03 15:01:44.205,620200,78.0,1121.0,18.46,45.098,,,,,,,
392,412,2017-11-03 15:01:45.205,621200,82.0,2866.0,61.28,45.098,,,,,,,
392,412,2017-11-03 15:01:47.205,623200,82.0,2053.0,61.28,45.098,,,,,,,
392,412,2017-11-03 15:01:47.305,623300,85.0,2053.0,39.32,45.098,,,,,,,
392,412,2017-11-03 15:01:48.005,624000,85.0,2053.0,39.32,45.098,,,,,,,
392,412,2017-11-03 15:01:48.305,624300,86.0,2053.0,39.32,41.961,,,,,,,
392,412,2017-11-03 15:01:49.305,625300,86.0,1007.0,13.45,41.961,,,,,,,
392,412,2017-11-03 15:01:50.405,626400,85.0,1007.0,13.45,41.961,,,,,,,
392,412,2017-11-03 15:01:51.405,627400,85.0,928.0,6.4,41.961,,,,,,,
392,412,2017-11-03 15:01:51.505,627500,82.0,928.0,6.4,41.961,,,,,,,
392,412,2017-11-03 15:01:53.005,629000,82.0,928.0,6.4,41.961,,,,,,,
392,412,2017-11-03 15:01:53.505,629500,81.0,983.0,7.09,21.176,,,,,,,
392,412,2017-11-03 15:01:54.605,630600,80.0,983.0,7.09,21.176,,,,,,,
392,412,2017-11-03 15:01:55.605,631600,80.0,1038.0,13.53,21.176,,,,,,,
392,412,2017-11-03 15:01:55.705,631700,81.0,1038.0,13.53,21.176,,,,,,,
392,412,2017-11-03 15:01:56.705,632700,80.0,1038.0,13.53,21.176,,,,,,,
392,412,2017-11-03 15:01:57.705,633700,80.0,1345.0,19.12,21.176,,,,,,,
392,412,2017-11-03 15:01:57.805,633800,81.0,1345.0,19.12,21.176,,,,,,,
392,412,2017-11-03 15:01:58.005,634000,81.0,1345.0,19.12,21.176,,,,,,,
392,412,2017-11-03 15:01:58.805,634800,81.0,1345.0,19.12,37.255,,,,,,,
392,412,2017-11-03 15:01:59.805,635800,81.0,1025.0,19.12,37.255,,,,,,,
392,412,2017-11-03 15:01:59.905,635900,81.0,1025.0,10.73,37.255,,,,,,,
392,412,2017-11-03 15:02:01.905,637900,81.0,992.0,12.14,37.255,,,,,,,
392,412,2017-11-03 15:02:04.005,640000,81.0,992.0,12.14,37.255,,,,,,,
392,412,2017-11-03 15:02:04.705,640700,81.0,1073.0,15.79,40.784,,,,,,,
392,412,2017-11-03 15:02:05.705,641700,82.0,1073.0,15.79,40.784,,,,,,,
392,412,2017-11-03 15:02:06.705,642700,82.0,1326.0,19.64,40.784,,,,,,,
392,412,2017-11-03 15:02:07.805,643800,83.0,1326.0,19.64,40.784,,,,,,,
392,412,2017-11-03 15:02:08.705,644700,83.0,1047.0,14.03,40.784,,,,,,,
392,412,2017-11-03 15:02:08.905,644900,82.0,1047.0,14.03,40.784,,,,,,,
